﻿<?xml version="1.0" encoding="UTF-8"?>
<imageIndex>
  <image>
    <originalFileName>ex.png</originalFileName>
    <size>22716</size>
    <dateLastModified>Wed, 24 Apr 2013 10:21:16 GMT</dateLastModified>
    <width>940</width>
    <height>705</height>
    <cachedImage>
      <fileName>kz2ddzgd.png</fileName>
      <dateCreated>Wed, 24 Apr 2013 10:22:37 GMT</dateCreated>
      <dateLastAccessed>Wed, 24 Apr 2013 10:24:20 GMT</dateLastAccessed>
      <imageFormat>png</imageFormat>
      <rotate>0</rotate>
      <flip />
      <colorMode />
      <crop />
      <width>300</width>
      <height>225</height>
      <bgColor>#FFFFFF</bgColor>
      <transparent>True</transparent>
      <border>0</border>
      <borderColor>#000000</borderColor>
      <constrain>True</constrain>
      <pad>False</pad>
    </cachedImage>
  </image>
</imageIndex>